1-(Bethel)Church of God in India ,Karungal, Kanyakumari, Tamilnadu,INDIA .....(Pr. S Jebim Thampi-Ph:9944102679)
2-A.G Church Chavadinada ,Kerala,INDIA .....(Pr. W. Yesudas-Ph:9747976048)
3-A.G Church Kuttikadu ,Trivandrum, Kerala,INDIA .....(Pr. P.K Jose-Ph:+919447209965)
4-A.G Karmel Church ,Vattiyoorkavu, Trivandrum,INDIA .....(Rev.K.Y.Wilfred raj-Ph:09037411404)
5-A.G Orutambalam ,Trivandrum,INDIA .....(Rev.K.Y.Wilfred raj-Ph:9446176404)
6-A.G Revival Church ,Trivandrum, Kerala,INDIA .....(Pr.R K Godson-Ph:0471-2223560)
7-Abundant Grace Ministries ,Indore, MP,INDIA .....(Pr.Anant Charan Bhatra-Ph:09893418121)
8-AG Church ,Hennur Cross,Bangalore,INDIA .....(Pr. George Philip-Ph:919449673658)
9-AG Church Edayam ,Arakkal, Kerala,INDIA .....(Pr.Sabu Louis-Ph:)
10-AG church in tamil ,Mumbai,INDIA .....(Pr. Joshua-Ph:9702575714)
11-Agape Revival Church ,Tagore Garden ,Delhi,INDIA .....(Pr. Aji Mathew-Ph:91-0-9868486355)
12-Almighty A.G.Church ,Udangudi ,Tamilnadu,INDIA .....(Pr.T.Jacobraj-Ph:+919443527565)
13-Almighty Ministries ,Karunkuli,Madurantakam,TN,INDIA .....(Sis. D. Sarojini-Ph:+91 8056522980)
14-Alpha Mission Church ,Yellareddy, Nizamabad,AP,INDIA .....(Pr. Christopher.-Ph:09490558080.)
15-Apostolic Christian Assembly ,Hyderabad, AP,INDIA .....(Pr. Rufus Manoraj-Ph:9848487210)
16-Apostolic Christian Assembly ,Pallavaram, Chennai,INDIA .....(Pr.S.Visuvasam-Ph:22642269)
17-Apostolic Church ,Nagarcoil, Kanyakumari,INDIA .....(Pr. Sobitha raj-Ph:04651222793)
18-Apostolic Fellowship Tabernacle ,Chennai,INDIA .....(Rev. Sam Chelladurai-Ph:+91 44 2661 0086)
19-Apostolic glory mission trust ,Vellore, TN,INDIA .....(Ramesh Timothy-Ph:9345243560)
20-Ascension Ministries International ,Hyderabad, AP,INDIA .....(Pr.John Varughese-Ph:+919849370655)
21-Assemblies of God ,Elamannoor, Kerala ,INDIA .....(Pr. T.D George Kutty-Ph:)
22-Assemblies of God ,Champakkara, Kerala ,INDIA .....(Pr.K A Oommen-Ph:0469-2681912)
23-Assemblies of God ,Ernakulam , Kerala,INDIA .....(Pr. Thomas Philip-Ph:0484 - 2393493)
24-Assemblies of God ,Ernakulam North,INDIA .....(Pr.T.V Thankachan-Ph:04842393493)
25-Assemblies of God ,Kottayam,Kerala,INDIA .....(Pr.P.M Johnson-Ph:00914734260667)
26-Assemblies of God ,Kochi, Kerala,INDIA .....(Pr.Babu Varghese-Ph:00919447981683)
27-Assemblies of God ,Thumpamon, Kerala,INDIA .....(Pr.P.V Mathew-Ph:00919946244995)
28-Assemblies of God ,Kodumon,Adoor,INDIA .....(Rev.Roy Baby-Ph:09447868397)
29-Assemblies of God  ,meppadi ,Wayanad,Kerala,INDIA .....(Pr.E.M. Mathew-Ph:914936282113)
30-Assemblies of God  ,Mallappally,Kerala,INDIA .....(Pr.Bobby Thomas-Ph:0091-469-2681736)
31-Assemblies of God  ,Meenangadi, Wayanad,Kerala,INDIA .....(Pr.Thomas-Ph:04936-247804)
32-Assemblies of God  ,Santacruz, Mumbai,INDIA .....(Pr.Joemon Mathew-Ph:09892104164)
33-Assemblies of God  ,Vikhroli, Mumbai,INDIA .....(Pr.Rajmanohar-Ph:02225571708)
34-Assemblies of God  ,Valanjavattom, Kerala,INDIA .....(Pr.T.P Johnson-Ph:09744210571)
35-Assemblies of God  ,Allappuzha, Kerala,INDIA .....(Pr.Jayaprakash-Ph:09961465684)
36-Assemblies of God  ,Allappuzha, Kerala,INDIA .....(Pr.Philip Chacko-Ph:0479-2370922)
37-Assemblies of God  ,Kayamkulam, Kerala,INDIA .....(Pr.Prabha T Thankachen-Ph:09656420267)
38-Assemblies of God  ,Calicut, Kerala,INDIA .....(Pr.John-Ph:04953699545)
39-Assemblies of God  ,Chalakudy,Kerala,INDIA .....(Pr. P. Baby-Ph:09847963461)
40-Assemblies of God  ,Chethackal,Ranni, Kerala,INDIA .....(Pr.Mathew-Ph:09744567087)
41-Assemblies of God  ,Karuvelli, Kerala,INDIA .....(Pr. Jobin Johnson-Ph:09544164334)
42-Assemblies of God  ,Pulingome,Kannur, Kerala,INDIA .....(Pr. Ajith Joseph-Ph:9745403646)
43-Assemblies of God  ,Thonniamala, Kerala,INDIA .....(Pr. P P Abraham-Ph:0468 2218937)
44-Assemblies of God  ,Sultan Bathery, Kerala,INDIA .....(Pr.T.O Sabu-Ph:04936222491)
45-Assemblies of God  ,Gurgaon,Haryana,INDIA .....(Pr. Sam sunder-Ph:09999845537)
46-Assemblies of God  ,Kundra,Kollam,Kerala,INDIA .....(Pr.Banansios-Ph:0474-2527921)
47-Assemblies of God  ,Kuttapuzha, Tiruvalla,Kerala,INDIA .....(Pr.P.Y Rajan-Ph:09847350899)
48-Assemblies of God  ,Alanganallur, TN,INDIA .....(Pr.S.Gandhi Abraham-Ph:04543-245638)
49-Assemblies of God  ,Pathanapuram,Kerala,INDIA .....(Pr. O.G Samuel-Ph:00919744524941)
50-Assemblies of God  ,Andheri, Mumbai,INDIA .....(Pr.Philip John-Ph:09819069827)
51-Assemblies of God  ,Chidambaram, TN,INDIA .....(Pr.A. Jayaraj-Ph:00919443235863)
52-Assemblies of God  ,Coimbatore, TN,INDIA .....(Pr.Y. Sorbon-Ph:09442390693)
53-Assemblies of God ,Valasaravakkam,TN,INDIA .....(Rev. K Raju Mathew-Ph:+91 9841252523)
54-Assemblies of God ,Adambakkam, TN,INDIA .....(Rev. N. Leaphus George-Ph:09382642130)
55-Assemblies of God ,Punalur,INDIA .....(John Waicliff-Ph:09446748931)
56-Assemblies of God  ,Kondotty, Calicut,INDIA .....(Pr. Austin Dhanam-Ph:9349009300)
57-Assemblies of God ,Trichur ,Pudukad, Kerala,INDIA .....(Pr.Shine Mon M V-Ph:91 9349829420)
58-Assemblies of God  ,Kurathikad,Mavelikara,INDIA .....(Pr. Saji-Ph:914791379638)
59-Assemblies of God (NLFAG) ,Kanpur, UP,INDIA .....(Pr. Alwin Joy-Ph:9839201655)
60-Assemblies of God Church ,Mala, Kerala,INDIA .....(Pr.Viji.P.Varghese-Ph:09447306246)
61-Assemblies of God Church ,Parassala, Kerala,INDIA .....(Pr.N.Peter-Ph:00919447020233)
62-Assemblies of God church ,Junnar, Pune,INDIA .....(Rev. Augustine Wasker-Ph:9822069699)
63-Assemblies of god church ,kesavadasapuram,trivandrum,INDIA .....(Pr Tomy M. Manuel-Ph:9995438880)
64-Assemblies of God Divine worship centre ,N.Delhi,INDIA .....(Pr.Shiju Mathai-Ph:09891687389)
65-Assemblies of God Gospel Centre ,Mala, Trissur,Kerala,INDIA .....(Pr.Madhulal Augustine-Ph:0480-2893009)
66-Assemblies of God Tamil Church ,Noida,UP,INDIA .....(Pr.Mohan Ratnam-Ph:9910444926)
67-Assemblies of God, Kottampally ,Kerala,INDIA .....(Pr. Monachan George-Ph:9446211984)
68-Assembly Of God ,Kottayam,INDIA .....(Pr. Jomon Devasya-Ph:09447564367)
69-Assembly of God Church ,Amballur,(Varakkara),Trichur,INDIA .....(Pr.Anoop.K.T-Ph:9048795914)
70-Assembly of Zion ,Kannur, Kerala,INDIA .....(Leslie Pinto-Ph:9447394900)
71-Baptist Church ,Andhra Pradesh,INDIA .....(Dr. Daniel-Ph:09849323392)
72-Beaulah prayer hall ,Tenali , A.P,INDIA .....(Pr. John Babu-Ph:+9948199282)
73-Bersheba Pentecostal Church ,Kottayam, Kerala,INDIA .....(Pr.Bose-Ph:0919846090341)
74-Bethel  A.G Church ,Bangalore, KN,INDIA .....(Rev.Dr. M.A Varugese-Ph:08023336131)
75-Bethel  A.G Church ,Kukatpally, Hyderabad, AP,INDIA .....(Pr.Biju Varghese-Ph:09441425654)
76-Bethel A.G Church ,Krishnagiri, TN,INDIA .....(Rev.L.Joseph-Ph:+919443512255)
77-Bethel A.G. Church ,Chennai, T.N,INDIA .....(Rev.Paulraj Manickam-Ph:914424490685)
78-Bethel AG Church ,Kundara, Kollam,INDIA .....(Pr. Geevarghese Thomas-Ph:0474-2527921)
79-Bethel AG Tamil Church ,Bangluru, Karnataka,INDIA .....(Pr. Robert Daniel-Ph:9880696709)
80-Bethel Apostolic Assemblies ,Kharagpur,INDIA .....(Pr. Dr. T Pradhan-Ph:09434987243)
81-Bethel Assemblies of God Church ,Delhi,INDIA .....(Pr. C.S Johnson-Ph:+919811353005)
82-Bethel Bible Church ,Uttam Nagar, New Delhi,INDIA .....(Pr.Philip A.K-Ph:+9810898913)
83-Bethel Bible Church ,New Delhi,INDIA .....( Rev. Ashish Lal-Ph:009268245657)
84-Bethel Biblical Baptist church ,Chembur,Mumbai,INDIA .....(Pr.Rev John Issac-Ph:09322709420)
85-Bethel City Cathedral ,Coimbatore, Tamil Nadu,INDIA .....(Dr.David Prakasam-Ph:9894040344)
86-Bethel Endtime Revival Church ,Chennai,INDIA .....(Rev.Sam Sundaram-Ph:9444309337)
87-Bethel Evangelical Church ,Hyderabad,AP,INDIA .....(Peter Samuel-Ph:9963554408)
88-Bethel Faith Fellowship Church ,Kalkaji, New Delhi,INDIA .....(Pr. Thomas Mathew-Ph:9990732944)
89-Bethel Fellowship ,Roorkee, Uttarakhand,INDIA .....(Rev. Vinod Tyagi-Ph:09412990322)
90-Bethel Full Gospel Church ,Hubli, Karnataka,INDIA .....(Rev. John Luther Matapathi-Ph:91-836-2367482)
91-Bethel Full Gospel Church ,muniguda, Dist- Rayagada, Orissa,INDIA .....(Rev.Prabin Kumar Sipka-Ph:91-9437459048)
92-Bethel Gospel Team (AG Church) ,,INDIA .....(Pr.R. Prabhakaran-Ph:9480504063)
93-Bethel Gospel Voice for India ,Silvassa,INDIA .....(Pr.Shaji P John-Ph:9904117782)
94-Bethel Immanuel Church ,Kakkanad, Kerala,INDIA .....(Pr. E.V.Varghese-Ph:9447818111)
95-Bethel Prarthna Bhawan ,Mandla,MP,INDIA .....(Rev. Rakesh Dass-Ph:09584677828)
96-Bethel Worship Centre ,Thiruvalla, Kerala,INDIA .....(Pr.Kunju Kodiyattu-Ph:0469 2700061)
97-Bethel Worship Centre(Sharon) ,#2,Venkatalaya,Yelahanaka,Bangalore,INDIA .....(Pr. Liju Koshy-Ph:09986390846)
98-Bethesda A.G Church ,Bangalore, KN,INDIA .....(Rev. K.J Mathew-Ph:91-80-23119046)
99-Bethesda Church of God ,Mysore, Karnataka,INDIA .....(Pr.Stephen m-Ph:+918904535859)
100-Bethesda Church of God ,Pune, Maharashtra,INDIA .....(Pr. Benny Jacob-Ph:9890204441)
101-Bethsaida Assembly Of God ,Bangalore, KN,INDIA .....(Rev: K.C. Andrews-Ph:080-28515582)
102-Bhartiya Church ,Kurushetra, Haryana,INDIA .....(Rajeev sahai-Ph:09814102385)
103-Bible Fellowship Center ,Pune/Maharashtra,INDIA .....(Pr. Sudhir Sable-Ph:+919850186408)
104-Blessed Life AG Church ,Singanallur, Coimbatore,TN,INDIA .....(Rev Clement-Ph:9894233090)
105-Blessing Prayer House ,coimbatore,Tamilnadu,INDIA .....(J . Santhosh Devanand-Ph:9788559488)
106-Bretheren Assembly ,Attur, TN,INDIA .....(M. Peter A-Ph:919894556363)
107-Brethren Assembly ,Rasipuram, Tamil nadu,INDIA .....(K.Saravanan. Evg-Ph:009042064135)
108-Caleb ministries ,Vijayawada,Andhrapradesh,INDIA .....(Pr. Karunakar-Ph:9492823203)
109-Calvary Tabernacle ,Chennai,INDIA .....(A. Samuel-Ph:)
110-Carmel Church Of God ,Delhi,INDIA .....(Pr. T.P Alocious-Ph:91-0-9910610322)
111-Carmel Prayer Fellowship ,Sivakasi,TN,INDIA .....(Pr.M. Johnraj-Ph:+919442230491)
112-CEFM Worship Tabernacle ,Kanyakumari, Tamil Nadu,INDIA .....(Pr.Simeon-Ph:9894940064)
113-CFI Church ,Gopalpur, Orrisa,INDIA .....(Pr. KJ Johnson-Ph:9437822394)
114-Chaitanya Community Church ,Bijapur, Karnataka,INDIA .....(Pr. Vijay Kumar-Ph:9480339619)
115-Chandrapur Worship Centre ,Chandrapur, MH,INDIA .....(Rev.Mohan Saxena-Ph:09766059284)
116-Chikmangalur M. Christian F'Ship ,KN,INDIA .....(Gemini George-Ph:91-9844024484)
117-Christ Church ,Vijayvada, AP,INDIA .....(Pr. Chakravarthy B-Ph:+919291243885)
118-Christ evangelical church ,New Delhi,INDIA .....(Rev. Michael-Ph:09871587167)
119-Christ Evangelical Ministry ,,INDIA .....(Rev. Wilson Charles-Ph:09618463638)
120-Christ Glory Fire Ministries ,Pulletikurru, EDt, AP,INDIA .....(Pr. B.Hosanna-Ph:+919849130296)
121-Christ Guidance Mission ,Coimbatore,TN,INDIA .....(Rev.Israel J Ponnappah-Ph:9443467921)
122-Christ Vision Church ,Bhubaneswar , Odisha ,INDIA .....(Pr. S.K.Nayak-Ph:919437766062)
123-Christian Evangelistic Assembly ,Haridwar, UP,INDIA .....(Pr.Reji John-Ph:09410192080)
124-Christian Fellowship ,West Nagar, Burari, Delhi,INDIA .....(Rev.Dr.Benjamin James-Ph:09868119702)
125-Christian Friends Fellowship ,Kanyakumari, TN,INDIA .....(Pr. J Simon-Ph:09787810870)
126-Christian Prayer Fellowship ,Visakhapatnam, AP,INDIA .....(Dr.G Jacob-Ph:0891-2543126)
127-Church Association of India ,Erode, Tamilnadu,INDIA .....(Rev.Dr.John Sargunaraj-Ph:+91(0) 9940878589)
128-Church of Almighty God ,Rajamundary, AP,INDIA .....(Pr. Babuji Rao-Ph:9442306106)
129-Church of Garment ,Sulur, Coimbatore,INDIA .....(Pr. Selvaraj-Ph:9894771101)
130-Church Of Glory ,Koundampalayam,Coimbatore,INDIA .....(Rev.Israel J Ponnappah-Ph:91-422-2444204)
131-Church of God ,Raja Talab, Raipur, CG,INDIA .....(Pr. Thomas Mammen-Ph:07712426071)
132-Church Of God (Full Gospel) ,Saket, New Delhi,INDIA .....(Pr. PM Mathew-Ph:26051248)
133-Church of God - Nungambakkam ,Chennai/Tamilnadu,INDIA .....(Pr. Ebanezer Selvaraj-Ph:9884493922)
134-Church of God in India ,Indore, MP,INDIA .....(Pr.John V Samuel-Ph:07312494886)
135-Church of God in India ,Piravom, Ernakulam, Kerala,INDIA .....(Pr.Joy K Kuriakose-Ph:09447962123)
136-Church of God in India ,Mavelikara, Kerala,INDIA .....(Pr.K.M Joy-Ph:+919447597547)
137-Church of God in India ,Thiruvalla, Kerala,INDIA .....(Pr.K V Joykutty-Ph:0469 2600985)
138-Church of God in India ,Pathanamthitta, Kerala,INDIA .....(Pr.Varghese Abraham-Ph:4682229555)
139-Church of God in India ,Mylapra, Kerala,INDIA .....(Pr.M.A John-Ph:4682323101)
140-Church of God in India ,Sivakasi, TN,INDIA .....(Rev. A. Selvaraj-Ph:00-91-4562-274790)
141-Church of God in India ,Sasthamcotta, Kollam, Kerala,INDIA .....(Pr. Achankunj-Ph:919846779577)
142-Church of God in India ,Karunagappally, Kollam,,INDIA .....(Pr. Jose-Ph:919961057247)
143-Church of God In India ,Gajuvaka,Vizag,INDIA .....(Pr. Abby Thomas-Ph:9441061424)
144-Church of God(Full Gospel)in India ,Bhopal, MP,INDIA .....(Pr.Benji Mathew-Ph:+91 9893398684)
145-Church of God(Full Gospel)in India ,Elucodu, Kerala,INDIA .....(Pr.Abraham-Ph:00919447865089)
146-Church of God(Full Gospel)in India ,Trivandrum, Kerala,INDIA .....(Pr.Eappachan Thomas-Ph:0091-9895054767)
147-Church of God(Full Gospel)in India ,Pallipad, Kerala,INDIA .....(Pr.V.V John-Ph:04792409083)
148-Church of God(Full Gospel)in India ,Thiruthangal, Kerala,INDIA .....(Pr.N.Daniel-Ph:9047540765)
149-Church of God(Full Gospel)in India ,west othera, Kerala,INDIA .....(Pr.Binu-Ph:00919447028993)
150-Church of Hope International ,Manjadi,Thiruvalla, Kerala,INDIA .....(Pr.Sam Joseph-Ph:9747778478)
151-Church On The Rock Assembly ,Vijayavada, AP,INDIA .....(Pr.Veerapaneni Johnson-Ph:+91 99490 46885)
152-City Church ,Mangalore, KN,INDIA .....(Pr.Allwyn D'mello-Ph:+919845399925)
153-City Harvest A.G. Church ,Coimbatore, TN,INDIA .....(Pr. S.Joyel Babu-Ph:9361234578)
154-City Harvest AG Church ,Bangalore, KN,INDIA .....(Rev.Shine P Thomas-Ph:08025431026)
155-City Revival Church ,Trivandrum,Kerala,INDIA .....(Pr.V.T Mathew-Ph:09447521163)
156-Community of the Redeemed ,Pune, India,INDIA .....(Paulson Pulikottil-Ph:020-640-59995)
157-Creat Bible Fellowship ,Tumudibandha,Kandhamal,Odisha,INDIA .....(Pr.Simon Nayak-Ph:919437518402)
158-Darjeeling Christian Assembly ,Darjeeling, West Bengal,INDIA .....(Rev. Pradeep Kumar V. K.-Ph:09932349878)
159-Delhi Bible Fellowship ,Gurgaon, UP,INDIA .....(Rev Thayil John-Ph:)
160-Deliverance City Church ,Coimbatore, Tamil Nadu,INDIA .....(Pastor Prakash-Ph:+919626947100)
161-Discipleship Church ,Kamareddy,(A.P),INDIA .....(Pr.Benson Francis-Ph:+91 9293232767)
162-Diva Assembly of God ,Diva, Maharashtra,INDIA .....(Pr. Issack Rajan-Ph:9224186037)
163-Divine Pentecostal Church ,Surat, GJ,INDIA .....(Pr. Jacob Philip-Ph:0960 175 1369)
164-DMU Church ,Vellore, TN,INDIA .....(Pr.Jacob P Abraham-Ph:0416 - 2240153)
165-Ebenezer A. G. Church ,Noida, UP,INDIA .....(Pr. Johnson R-Ph:09873049019)
166-Ebenezer Church of God in India ,Bhopal, MP,INDIA .....(Pr. V V Chacko-Ph:9425011492)
167-Ebenezer Church of God in India ,Trv'drum, Kerala,INDIA .....(Pr. J.J Cleetus-Ph:9995843396)
168-Ebenezer gospel centre ,Varapuza, Kerala,INDIA .....(Pr.Sojan C Thomas-Ph:09895678925)
169-El-Bethel assemblies of God ,sirkali / Tamilnadu,INDIA .....(Pr.M. Amalraj-Ph:9894773140)
170-El-Bethel Prayer Ministries ,Harippad, Kerala,INDIA .....(Pr. O. Baby-Ph:09947744610)
171-El-Shaddai Ministries For Asia ,New Delhi,INDIA .....(Rev. Daniel. C-Ph:09717435775)
172-Elim AG Church ,Bangalore, KN,INDIA .....(Pr.Shaji Idicula-Ph:09343309655)
173-Elim Community Centre ,Chennai, TN,INDIA .....(Pr. Dhanshekaran G-Ph:9444226486)
174-Elim Maranatha Prayer House ,Periyakulam,TamilNadu,INDIA .....(Pr.D.Packia Raj-Ph:99420 33085)
175-Elshaddai Mission Church ,Banglore, KN,INDIA .....(Pr John Philip-Ph:9886247611 )
176-Emmanuel Assemblies of God church ,Pune,INDIA .....(Pr. Saji Abraham-Ph:08805352591)
177-En-Hakkore Church ,Thrissur,Kerala,INDIA .....(Pr.Christy John K-Ph:09387100520)
178-End Time Church ,Tuglagabad,New Delhi,INDIA .....(Pr.Pravin Lal-Ph:011 26949153)
179-End Time Church ,Nungambakkam,TN,INDIA .....(Pr.John Issac-Ph:09810661237)
180-End Time Church ,Ooty,INDIA .....(Rev Manju Nathan-Ph:09873847117)
181-EORO Ministries ,Madurai, TN,INDIA .....(Rev. R. Sanjay David-Ph:91-9360051421)
182-Ephphata Ministrie ,Matunga,Mumbai,INDIA .....(Evg. Samson Mathew-Ph:9867798120)
183-Eshcol Prayer House ,Ongole, Andhra Pradesh,,INDIA .....(Br.B Peter-Ph:9949818530)
184-Eternal Life Assembly ,Madurai, TN,INDIA .....(V.John Muthuraj-Ph:0091+9865936504)
185-Evangel Bible Church ,New Delhi,INDIA .....(Pr.Anil Johnson-Ph:09818832162)
186-Evangel Bible Church ,New Delhi,INDIA .....(Pr.Jiju Mathew-Ph:09810165681)
187-Evangel Bible Church ,Haryana,INDIA .....(Pr.John mathew-Ph:09810668323)
188-Evangel Bible Church ,Hyderabad, AP,INDIA .....(Pr.Shiju Mathai-Ph:9000539212)
189-Evangel Bible Church ,Noida, UP,INDIA .....(Pr.Samuel Kutty-Ph:09868385933)
190-Evangel Bible Church ,Faridabad,INDIA .....(Pr.John Mathew-Ph:9810668323)
191-Evangel Bible Church ,Gaziabad,INDIA .....(Pr.Samuel John-Ph:09910629627)
192-Evangel Bible Church ,Vasanth Kunj, ND,INDIA .....(Pr. Amos P-Ph:09835678921)
193-Evangel Bible Church ,Mariam Nagar, UP,INDIA .....(Pr.Sakriah P A-Ph:09810156724)
194-Evangel Bible Church ,Arthala, UP,INDIA .....(Pr. Stanley John-Ph:09889045627)
195-Evangel Bible Church ,Prathab Vihar, U.P,INDIA .....(Evg.Sunil P John-Ph:09891452671)
196-Evangel Church of God ,Secundrabad,AP,INDIA .....(Pr.Shiju Mathai-Ph:9000539212)
197-Evangel Church of God ,New Delhi,INDIA .....(Pr. Rajan George-Ph:+919717714357)
198-Evangel Church of God ,YWCA, Secundrabad,INDIA .....(Pr. John Varughese-Ph:+919849370655)
199-Exodus Revival Church ,Kumbanad, Kerala,INDIA .....(Pr. Roney Mathews-Ph:91 9446054144)
200-F G Mission Church ,Faizabad,UP,INDIA .....(Rev.S S Peter-Ph:09450720456)
201-F.G.P.Church of UP ,Budanu, u.p,,INDIA .....(Pr.B.Yeshu Dass-Ph:09719896963)
202-Faith A.G Prayer Fellowship ,Bangalore, KN,INDIA .....(Pr.Shaji Daniel-Ph:+91 9448908485)
203-Faith AG Church ,Nanthencode,Tiruvandapuram,INDIA .....(Pr.Renjith Thampi-Ph:+919895708656)
204-Faith Assemblies Of God Church ,Chandigarh,INDIA .....(Pr. Mathew Chacko-Ph:09417163502)
205-Faith Assemblies of God, ,Chandigarh,INDIA .....(Pr.Mathew Chacko-Ph:01722726420)
206-Faith Assembly of God Church ,Bangalore,INDIA .....(Rev. C. Selvadass-Ph:25243957)
207-Faith Assembly of God Church ,Chandigarh,INDIA .....(Mathew Chacko-Ph:09417163502)
208-Faith Christian Assembly ,Hosur, Tamilnadu,INDIA .....(Rev. J Devasirvadam-Ph:91 9842759067)
209-Faith Church in India ,Bhopal ,M.P,INDIA .....(Pr. Thomas Abraham-Ph:09039493904)
210-Faith City Church ,Kalamassery, Kerala,INDIA .....(Pr.PR Baby-Ph:0484- 257 5777)
211-Faith Full Gospel Assembly ,Nagpur, MH,INDIA .....(Pr. P.A Chacko-Ph:09420408623)
212-Faith Gospel Preaching Church ,Hyderabad, AP,INDIA .....(Rev. T. Jeremiah-Ph:+91-9704829951)
213-Faith in Action Ministry ,Nagarcoil, TN,INDIA .....(Pr.David Varghese-Ph:04651-250548)
214-Faith Ministries ,Machilipatnam,AP,INDIA .....(Pr. Rao.Chennu-Ph:+91 9393939111)
215-Faith Prayer Band Ministries ,Kottayam, Kerala,INDIA .....(Pr. Rajan Mathew-Ph:09447287559)
216-Fellowship of Love and Grace ,Mumbai,INDIA .....(Pr. Frankee Chacko-Ph:9819099529)
217-FGC ,Rajagarden, New Delhi,INDIA .....(Pr. P.K Samkutty-Ph:011-25109843)
218-Fire of Revival Church ,Pampady, Kottayam,INDIA .....(Pr. Bijosh K. John-Ph:+91-9447742540)
219-First Assemblies of God ,Kochi, Kerala,INDIA .....(Pr.Babu Varghese-Ph:00919447981683)
220-First Independent Baptist Church ,Hyderabad,INDIA .....(Pr. M Sudhir-Ph:9849043141)
221-Flying eagle Ministries ,Coimbatore,Tamilnadu,INDIA .....(Rev. Santhosh Devanand-Ph:+919788559488)
222-Fort of Jesus Prayer Mission ,North vagaikulam,tirunelveli,INDIA .....(M.Ragland thangasamy-Ph:9965861703)
223-Full Gospel Church ,Guntur,AP,INDIA .....(Rev Dasari Abraham S-Ph:+919392222367)
224-Full Gospel Church ,Yealagiri, Vellore, TN,INDIA .....(Pr. Issac Dhas-Ph:00919965450250)
225-Full Gospel Outreach Church. ,Kandhmal,Orissa,INDIA .....(Alok bhushan nayak.-Ph:9747874537)
226-G N F Prayer Church. ,Khoda, Gazipur, Delhi,INDIA .....(Pr. James Mathew-Ph:09818838163)
227-Garden City AG ,Bangalore, KN,INDIA .....(Rev. Ernest George-Ph:91-80-6597 4000)
228-Gateway Ministries International ,Mumbai,INDIA .....(Pr.Santosh Johny-Ph:022-65259784)
229-Gilgal Assemblies of God ,Bangalore,INDIA .....(Pr. Biji Rajan-Ph:9663481908)
230-Gilgal Assemblies of God Church ,Bangalore, KN,INDIA .....(Pr.Denny Sam-Ph:09880077023)
231-Gilgal Worship Centre ,Thrissur, Kerala,INDIA .....(Pr.T.J.Thomas-Ph:0487-2361065)
232-Global Christian Church ,Madurai/ TN,INDIA .....(Pr. A. Deva Asir-Ph:9865097706)
233-Global Evangelical Vision ,Erode, TN,INDIA .....(Rev. R . Yesiah-Ph:09524649800)
234-Global Faith Mission ,Darjeeling, WB,INDIA .....(Pr. John Joseph-Ph:0091-9434376198)
235-Glory Tabernacle Church ,Pune, MH,INDIA .....(Evg. Manish Bathija-Ph:9822196983)
236-GOD'S Church ,West Bengal,INDIA .....(Pr. John Richard-Ph:09088161817)
237-Golgotha AG Church ,Kanjirapally,Kottayam, Kerala,INDIA .....(Pr.Jomon Devasia-Ph:09447564367)
238-Good News Church ,Agra,INDIA .....(Pr. Daniel-Ph:0091 562 6453873)
239-Good News Fellowship Church ,Gazipur, Delhi,INDIA .....(Rev. James Mathew-Ph:09818838163)
240-Good News Fellowship Church ,Delhi,INDIA .....(Pr.James Mathew-Ph:+91 9818838163)
241-Good Shepherd Ministries ,Nedumbassery, Kerala,INDIA .....(Pr. Sajan-Ph:0091 9747647983)
242-Good shepherd world prayer centre ,Trichy, TN,INDIA .....(Pr.Gideon Jacob-Ph:0431-2333100)
243-Gospel center ,Vennikulam,kerala,INDIA .....(Pr. Saji M Paul-Ph:00919447604243)
244-Gospel Centre  ,Vennikulam, Tiruvalla, Kerala,INDIA .....(Pr.Shaji. M. Paul-Ph:00919447604243)
245-Gospel Centre  ,Kawdiar, Trivandrum,Kerala,INDIA .....(Pr. Raju Kawdiar-Ph:0471-2439823)
246-Gospel Divine Vision Ministries ,Hyderabad, AP,INDIA .....(Evg. David Raj-Ph:09492754110)
247-Gospel Divine Vision Ministries ,Hyderabad,AP,INDIA .....(N. Satyam-Ph:04023812406)
248-Grace AG Church ,Coimbatore, TN,INDIA .....(Rev.J.Devasasan-Ph:9943088899)
249-Grace Baptist Church ,Vadakkenchery, Kerala,INDIA .....(Pr.T.P Saji-Ph:09047807489)
250-Grace Church ,Bhilai ,CG,INDIA .....((Pr. Dr. Mohan C Thomas-Ph:093292 50901)
251-Grace Church ,Selaiyur, TN,INDIA .....(Pr. T. Selvanayagam-Ph:044-22293168)
252-Grace Church of God ,Chettukuzhy,Kerala,INDIA .....(Pr Saji Samuel-Ph:0091 9946997699)
253-Grace Fellowship ,Katni,MP,INDIA .....(Rev. Roy Thomas-Ph:09425156027)
254-Grace Fellowship AG ,Ahmedabad,Gujarat,INDIA .....(Pr.Geo Verghese-Ph:09825034237)
255-Graham Stanes Church ,Coimbatore, TN,INDIA .....(Rt Rev Dr Austin sam-Ph:9843013430)
256-Gurgaon Church of Christ ,Gurgaon, Haryana,INDIA .....(Kejung Kimsing-Ph:+91-880-225-1530)
257-Gurgaon Pentecostal Church ,Gurgaon, Haryana,INDIA .....(Pr. Saji Thomas-Ph:09953589113)
258-Hallelujah Village Church ,Vellore, TN,INDIA .....(Pr. T John Ravichandran-Ph:00919842891578)
259-Hallelujah Village Church Trust ,Vellore,TN,INDIA .....(Pr.T.John Ravi Chandran-Ph:09842891578)
260-Harvest Mission Church ,Noida, UP,INDIA .....(Rev. Dr. Biju John-Ph:)
261-Harvest Presbyterian Ministries ,Hyderabad-A.P,INDIA .....(Rev. G.Pushparaj-Ph:+91-9959398515)
262-Haryana Mission Church ,Karnal City, Haryana,INDIA .....(Rev Prince K Thomas-Ph:+91-94161-17330)
263-Healing Word Church ,Jhansi, UP,INDIA .....(Pr. R Edwin-Ph:09695370296)
264-Heavenly Embassy Ministries ,Bangalore, KN,INDIA .....(Pr.George Varghese-Ph:0044-7508951322)
265-Hebron Gospel Ministries ,New Delhi, Delhi,INDIA .....(Pr.Praveen John-Ph:09560376224)
266-Hebron Ministry Church ,Pathanamthitta, Kerala,INDIA .....(Pr.Moncy Varghese-Ph:00919447075024)
267-Hebron Prayer House (IPC) ,Kodaikanal,INDIA .....(Pr.Sam-Ph:09842026072)
268-Hebron, IPC ,Kalewadi, Pimpari, Pune,INDIA .....(Pr.K A Cherian-Ph:09422239569)
269-Holy New Jerusalem Bride Church ,Madurai,TN,INDIA .....(Pr.I.Asirvatham-Ph:09443464957)
270-Horeb New Life Fellowship ,New Delhi,INDIA .....(Pr.Philip Thevelikkara-Ph:09958882076)
271-Hosanna Assembly of God Church ,Pondicherry,INDIA .....(Rev. Allen Prosper-Ph:09944404141)
272-Hosanna Life Gate Church ,Indore,INDIA .....(Pr. C. Koshy-Ph:9826612000)
273-I P C Harvest Ministries ,Whitefield Bangalore Karnataka,INDIA .....(Pr.Prakash Zacharia-Ph:9844010284)
274-I. P. C. Anugraha ,Bangalore,INDIA .....(Pr.Lanson p mathai-Ph:09986366735)
275-I.P.C Bethel Karipuzha ,Mavelikara, Kerala,INDIA .....(Pr. Saji Daniel-Ph:)
276-I.P.C Bethel, Calicut ,Port Blair, Andaman NIcobar Islands,INDIA .....(Rev. Abraham P Rajan-Ph:+91 9933279700)
277-I.P.C Zion Worship Church ,Thiruninravur,Chennai,TamilNadu,INDIA .....(Pr.E.Kingsly-Ph:9884895640)
278-Image Of Christ Church of God ,Sivakasi, TN,INDIA .....(Pr. Emmanuel Selvaraj-Ph:+919943019215)
279-Imla Faith Church ,Hyderabad,AP,INDIA .....(Pr. Onesimus-Ph:+91-4027121280)
280-Immanuel Fellowship Church ,Karnal, Haryana,INDIA .....(Rev Prince K Thomas-Ph:+91-94161-17330)
281-Immanuel Pentecostal Church ,New Delhi,INDIA .....(Pr.Blesson Baby Ninan-Ph:00919871725592)
282-India Full gospel Church ,Bhopal, MP,INDIA .....(Pr.J Thomas-Ph:0755 2581679)
283-Indian Christian Assembly ,Dharavi,Mumbai,INDIA .....(Pr.C. Chella Durai-Ph:022-24043812)
284-Indian Pentecostal Assembly , FGCG,New Delhi,INDIA .....(Pr.M.R Wilson-Ph:09811336160)
285-Indian Pentecostal Church ,Vadodara ,INDIA .....(Pr. James Varghese-Ph:9426561039)
286-Indian Pentecostal Church ,Vellore, TN,INDIA .....(Pr. Varghese-Ph:04162245278)
287-Indian Pentecostal Church ,Deolali, MS,INDIA .....(Pr.Tonny John-Ph:09923629310)
288-Indian Pentecostal Church ,Mananthavadi, Kerala,INDIA .....(Pr.Alex Pappachan-Ph:09847669612)
289-Indian Pentecostal Church Of God ,Maninagar, Ahmedbad,INDIA .....(Rev. Suresh S-Ph:9924007480)
290-Indian Pentecostal Church Of God ,Maninagar, Ahmedbad,INDIA .....(Rev. Suresh S-Ph:9924007480)
291-International Peace Church ,Mavelikkara, Kerala,INDIA .....(Pr. Jaimon Moonnamvila-Ph:9714792315427)
292-IPC Ambajipeta ,Razole, A.P,INDIA .....(Pr.Krupa Paul.K-Ph:09908245623)
293-IPC ARAKERE ,Bangalore,INDIA .....(Pr. Sam Mathew-Ph:9590025504)
294-IPC Banaswadi  ,Bangalore ,INDIA .....(Pr. C O John-Ph:08025475539)
295-IPC Bethel Assembly ,Porur, Chennai,TN,INDIA .....(Evg. Incent Joseph-Ph:09952053244)
296-IPC Bethel Church ,Trivandrum, Kerala,INDIA .....(Evg. Suresh Babu-Ph:09447011245)
297-IPC Bethel Church ,Valanjavattom P O, Thiruvalla,INDIA .....(Pr. M.J Benny-Ph:0469 2711102)
298-IPC Bethel Church ,Kurathikad, Mavelikara,INDIA .....(Pr. Thomas Abraham-Ph:+919447803286)
299-IPC Bombay ,Chhedda Nagar, Mumbai  ,INDIA .....(Pr. John Thomas-Ph:022-25288446)
300-IPC Ebenezer ,Indore,INDIA .....(Pr. Johnson Mathew-Ph:)
301-IPC Ebenezer ,Chenganoor,INDIA .....(Pr.Kurien k.Philip-Ph:09447414953)
302-IPC Ebenezer ,Maneed,Kerala,INDIA .....(Pr. Thomas Abraham-Ph:91 485 2245511)
303-IPC Ebenezer ,Bangalore,INDIA .....(Pr.Joy Abraham-Ph:09886000120)
304-IPC Ebenezer ,Vadodara, GJ,INDIA .....(Pr.O. Solomon-Ph:+919427440063)
305-IPC Ebenezer Worship Centre ,Ernakulam, Kerala,INDIA .....(Pr.Philip Kunjumon-Ph:09447457710)
306-IPC Faith Centre ,Chengannur, Kerala,INDIA .....(Pr.P.K Koshy-Ph:09447596207)
307-IPC Gerizim  ,Thane (W), MS,INDIA .....(Regi Sabastian-Ph:+919869826573)
308-IPC Gilead Prayer Hall ,Jaipur, Rajasthan,INDIA .....(Pr. Sam George-Ph:+91-9829152916)
309-IPC Hebron ,Valakom,Muvattupuzha,Kerala,INDIA .....(Pr.Stephen Mathew-Ph:+914852207393)
310-IPC Hebron ,kannattumodi, Kerala   ,INDIA .....(Pr. J Philip-Ph:09847830560)
311-IPC Hebron Church ,Alppara,Trissur ,INDIA .....(----Ph:0487 2282183)
312-IPC Hebron Church ,Kundankulam, TN,INDIA .....(Pr. B.Samuel Raj-Ph:04637-250138)
313-IPC Hebron Church ,Shahibabad, UP,INDIA .....(Pr. Binoy George-Ph:0120-2636400)
314-IPC Hebron Prayer Hall ,Udupi, AP,INDIA .....(Pr. Anil N Philip -Ph:09800200090)
315-IPC Jabalpur ,Jabalpur,INDIA .....(Pr.Thomas Philip-Ph:07612408646)
316-IPC Nanuvakadu ,Pathanamthitta, Kerala,INDIA .....(Pr.Sam-Ph:09447563644)
317-IPC Northern Region ,New Delhi,INDIA .....(Pr. Shaji PC-Ph:011-27943217)
318-IPC Northern Region ,Indore,INDIA .....(Pr. P.J James-Ph:09926500937)
319-IPC Philedelphia Prayer Hall ,Dindigul,TN,INDIA .....(Pr.T.J.John-Ph:00919443045538)
320-IPC Poonamalle unity ,Porur, Chennai,INDIA .....(Pr. Saji Papachen-Ph:044 9444259251)
321-IPC Prayer Centre ,Tiruvalla,Kerala,INDIA .....(Evg. Raju Poovakala-Ph:0479-693249)
322-IPC Prayer Centre ,Chalakudy,Kerala,INDIA .....(Evg. George Mathew-Ph:09895153226)
323-IPC Rehaboth ,Kottarakara,Kerala,INDIA .....(Pr.Moncy-Ph:00914742453636)
324-IPC Rehoboth Thrikkannal ,Kottarakara, Kerala,INDIA .....(Pr. Moncy P Mathew-Ph:)
325-IPC Salem ,Pathanapuram,Kerala,INDIA .....(Pr.Sam Varghese-Ph:04752353299)
326-IPC Salem ,Kalleth, Kerala,INDIA .....(Pr. Fredy Luies-Ph:9961086910)
327-IPC Salem Worship Center ,Trivandrum, Kerala,INDIA .....(Pr. K.Thomas-Ph:0471-2593929)
328-IPC Shalom ,Rajapalaya, Bangalore ,INDIA .....(Pr.Joy Abraham-Ph:9448756523)
329-IPC Shalom Church ,Madiwala, Banglore,INDIA .....(Pr. Shaji-Ph:9886878037)
330-IPC Tabernacle Church ,New Delhi,INDIA .....(Pr. Rajan Thomas-Ph:9811328518)
331-IPC Thiruvanmiyur ,Chennai,INDIA .....(Pr.Abraham Mathew-Ph:+919445178424)
332-IPC Vadasserikara ,Kerala,INDIA .....(Pr.Philip-Ph:04735253428)
333-IPC Worship Centre ,Bangalore,INDIA .....(Pr. Shaji-Ph:09886878037)
334-IPC, Nerul ,Nerul, Mumbai,INDIA .....(Pr. Sam K Mathew-Ph:+919892792433)
335-Jeeva vazhi church ,Tamil Nadu,INDIA .....(Pr.D.paulkirubakaran-Ph:009865125229)
336-Jeevanulla thevanudaya sabbay , ,INDIA .....(Pr.Paul kirubakaran-Ph:9500077125)
337-Jehovah Jireh Pentecostal Church ,Dhanbad, Jharkhand,INDIA .....(Rev.Dr.P.Khess-Ph:8860137453)
338-Jessica Ministery(Jesus Never Fails) ,Guntur(DT),INDIA .....(Evg.P Paul Raju-Ph:91-08643-247314)
339-Jesus Christ Full GospelChurch ,Hyderabad, AP,INDIA .....(Pr. Y. Shdhakar-Ph:9866786261)
340-Jesus Christ Prayer House ,Kothapeta(m), EGDT, AP,INDIA .....(Pr.Nani Babu Nelli-Ph:+919908823196)
341-Jesus Comes Mission Church ,Kottayam, Kerala,INDIA .....(Pr. John Joseph-Ph:09495705848)
342-Jesus Family Community Church ,Cochin, Kerala,INDIA .....(Pr. K.M Jose-Ph:04842391939)
343-Jesus For All Naitons ,Bombay,Maharashta,INDIA .....(Pr. Octavio Nevis-Ph:+91 22 23081070)
344-Jesus Heals Ministries P.F ,Mysore,INDIA .....(J. S. Patrick-Ph:+919448214016)
345-Jesus Lives Assembly of God Church ,Ecil,Hyd,AP,INDIA .....(Pr.C.Solomon vijai anand-Ph:+919866399476)
346-Jesus Loves Ministries ,Chennai,INDIA .....(Pr.Elijah-Ph:9444713767)
347-Jesus Rapha Church International ,Pullad, Kerala,INDIA .....(Pr. Anson-Ph:0091-9847178974)
348-Jesus Redeems C. Prayer Fellowship ,Karnataka  ,INDIA .....(Paul.M.Nair-Ph:+91 8192 240166)
349-Jesus the Saviour Mission ,Mayiladuthurai,T.N.,INDIA .....(Pr.Manivannan Joshua-Ph:+91 9943418477)
350-Jesus With Us Church ,Nagarcoil, TN,INDIA .....(Pr.S Anthony Michael-Ph:9442009881)
351-Jivant Devache Adbhuut Karya ,Mumbai, Maharashtra,INDIA .....(Rev. Bharat Suryavanshi-Ph:9594377029)
352-Kainos Temple ,Pune,INDIA .....(Pr. Christopher Singh-Ph:020-26855559)
353-Karnataka Fire revival Church ,Bangalore,INDIA .....(Pr.Issac-Ph:09845896103)
354-Karnataka Pentecostal Church ,Bangalore,INDIA .....(Rev. J Simon-Ph:0091 80 26741588)
355-Kingdom of God Church ,Dindigul, Tamil Nadu,INDIA .....(Pr.Stalin Durairaj-Ph:9786136797)
356-Kolhapur Bible Church ,Kolhapur, Maharashtra,INDIA .....(Pr. Kaushal Kale-Ph:+91 9923855663)
357-Kottayam Town A G Church ,Kottayam, Kerala,INDIA .....(Pr.Christopher Varughese-Ph:9446709149)
358-Kunnackal Church of God ,Valakom, Kerala,INDIA .....(Pr.John Mathew-Ph:04842730580)
359-LAM church ,Chennai - TN,INDIA .....(Pr. R.Prabhu Daniel-Ph:9940268233)
360-Liberty AG church ,Madurai, Tamil nadu,INDIA .....(Rev. Stanley M Raj-Ph:9791696378)
361-Lifepoint Gospel Movement ,Vijayawada,Andhrapradesh,INDIA .....(Rev Simon James-Ph:9397198018)
362-Light of Life Ministries ,Pune,INDIA .....(Pr. Atul Bansode-Ph:9822249749)
363-Light of Life Pentecostal Church ,Agra  ,INDIA .....(Pr.Joseph Singh-Ph:09412158403)
364-Light of Life Worship Center ,Raipur,INDIA .....(Pr.Roy Moses-Ph:+919926888073)
365-Living Church ,New Delhi,INDIA .....(Rev.Roby George Palakad-Ph:09968393097)
366-Living Church Mission ,Gurgaon,Haryana ,INDIA .....(Pr. Mammen Samuel-Ph:0124 2220134)
367-Living Church Mission ,Subhash nagar, Delhi ,INDIA .....(Pr. Babukutty K.S-Ph:09891365526)
368-Living Church Mission ,Harinagar,New Delhi,INDIA .....(Pr. Santhosh J. Thomas-Ph:+ 91 9899213855)
369-Living God's Ministry ,Kottayam, Kerala,INDIA .....(Pr. Joji Joseph-Ph:+919744054651)
370-Living Word Gospel Church ,Bangalore,INDIA .....(Evg Stephen Franklin-Ph:9844490723)
371-Logos Assembly of God Church ,Bangalore,INDIA .....(Pr. James Wilson-Ph:9663427384)
372-Lord Jesus Church ,Chennai ,Tamilnadu ,INDIA .....(Pr.Jayachandran-Ph:91-9952938652)
373-Love of Jesus manna ministries ,Coimbatore, TN,INDIA .....(Pr. S Suresh-Ph:09363106550)
374-Macedonian Grace Assembly ,,INDIA .....(Dr. Varghese Thomas-Ph:+919811105537)
375-Mahaneh_dan Fellowship Church ,Surat, Gujrat,INDIA .....(Pr.John Mathew-Ph:+919427139677)
376-Mahaneh_dan Fellowship Church ,New Delhi,INDIA .....(Rev. Ebby T Mammen-Ph:+91-9810671771)
377-Mahaneh_dan Fellowship Church ,Thane,MH,INDIA .....(Pr. P.C Skariah-Ph:022-25814095)
378-Maranatha full gospel church , ,INDIA .....(Pr. Biju M Varghese-Ph:9495065044)
379-Masihi Aradhana ,Lallian (Garhshanker), Hoshiarpur ,INDIA .....(Dr Jagjit Singh-Ph:+919855655222)
380-Masihi mandir ,Rajnandgaon, Chattisgarh,INDIA .....(Rev. Francis Nag-Ph:+919424126570)
381-Massih Mandir,Mehrauli ,New Delhi,INDIA .....(Pr.Prinson Chacko-Ph:009818276894)
382-Mercy Gospel Ministries ,Paloncha,AP,INDIA .....(Rev.M.John Wilson-Ph:9948240797)
383-Messiah Prayer House ,Chennai,INDIA .....(Pr.Mathew Yohannan-Ph:044-25019599)
384-Methodist Church Ajni ,Nagpur,INDIA .....(Rev. Raj jacob-Ph:9975596373)
385-Mira Road Church Of Christ ,Thane,Mumbai,INDIA .....(Bro, Ritesh Gowder-Ph:9594275658)
386-Miracle of Jesus Ministries ,Coimbatore,INDIA .....(C. Donald Abraham-Ph:09842219223)
387-Mission India ,Harihar, Karnataka,INDIA .....(Pr. Paul M Nair-Ph:09448728934)
388-Mizpah GoodNews Ministries ,Palakkad ,Kerala,INDIA .....(Pr. Roy Cherian-Ph:04923-235013)
389-Mount Carmel A.G Church ,Bangalore,INDIA .....(Rev. Samkutty John-Ph:080 25478671)
390-Mount Zion Prayer House ,Virudhunagar, TamilNadu,INDIA .....(D.Johnchristober-Ph:09443291838)
391-New Bethel AG Church ,Bangalore, Karnataka,INDIA .....(Rev. M Ravi-Ph:9880578074)
392-New Creation AG Church ,Nerkundrum, Chennai,INDIA .....(Pr.Jegil Ebi Doss-Ph:044-26563239)
393-New Hope Fellowship ,Dehradun,INDIA .....(Pr.Jaison George-Ph:09997952646)
394-New India Church Of God ,Ernakulam,INDIA .....(Pr. Binu-Ph:0484-267282)
395-New India Church Of God ,Silvassa,INDIA .....(Pr.Santosh Thomas-Ph:+919427154244)
396-New India Church Of God ,Pullikkal, Ranni,INDIA .....(Pr. T.V Varghese-Ph:09961778547)
397-New India Church Of God ,Boiser , Maharashtra,INDIA .....(Pr. Babu Kuriakose-Ph:09860711291)
398-New India Church of God ,Kolhapur, MS,INDIA .....(Mathew Jacob-Ph:09225828885)
399-New Jerusalem Church ,Trichy,TN,INDIA .....(Pr. R Paul-Ph:9443106936)
400-New Life AG Church ,Hyderabad,INDIA .....(Pr. Valson Varghese-Ph:919848035275)
401-New Life AG Church ,Anikad, Mallapalli, Kerala,INDIA .....(Pr. Shaji-Ph:0091-469-2680164)
402-New Life AG Church ,Aliganj,UP,INDIA .....(Pr.Thomas Philip-Ph:09936352988)
403-New life Assembly of God ,Kumbanad,Pathanamthitta,Kadapra,INDIA .....(Pr.Aby Ayroor-Ph:9846556768)
404-New Life Assembly of God ,Kadapra, Kumbanad, Kerala,INDIA .....(Pr. Aby Ayroor-Ph:9846556768)
405-New Life Fellowship ,Tirupattur,Vellore,TN,INDIA .....(Alfred Magimaidoss.J-Ph:+919942122305)
406-New Life Fellowship ,Malad, Mumbai,INDIA .....(Pr. Johnson-Ph:09867748726)
407-New Life Fellowship ,Trivandrum, Kerala,INDIA .....(Joseph Jacob-Ph:+919388604587)
408-New Life Fellowship  ,Ghatkopar, Mumbai,INDIA .....(Rev Daniel Calvin-Ph:9322251499)
409-New Life in Jesus Embassy ,Vennikulam, Tiruvalla,Kerala,INDIA .....(Pr.Joseph C.A-Ph:09745865165)
410-New Light Ministries ,Kolkata,West Bengal,INDIA .....(Pr.Suprakash Saha-Ph:09748631312)
411-New Testament Church ,Banbasa,Uttrakhand,INDIA .....(Pr.John Bastian-Ph:+919997232504)
412-New Testament Church of India ,Faridabad, Haryana,INDIA .....(Pr.Azariah Joel-Ph:09289664183)
413-New Testament Church of India ,Cochin, Kerala,INDIA .....(Pr. P.B Mathew-Ph:9447001372)
414-Nibandhana Prayer Ministry ,Guntur city, Andhra Pradesh,INDIA .....(Pr. N John Wilson-Ph:+91 9492087349)
415-NIGM ,Delhi,INDIA .....(Pr. B Abraham-Ph:+91 9818152343)
416-NLF Diaspora Church(Bengali) ,Chennai,INDIA .....(Ps Subhash C Patra-Ph:098841 82280)
417-Noida City Assembly of God Church ,Noida, UP,INDIA .....(Pr.Mohan Ratna-Ph:9910444926)
418-North India Gospel Misson ,New Delhi,INDIA .....(Pr. B Abraham-Ph:+91 9818152343)
419-Omega Gospel Church ,Miryalaguda, nalgonda,INDIA .....(Ch.Samuel Paul-Ph:0919848806269)
420-Ordain church ,West Bengal,INDIA .....(Pr.Paresh Haldar-Ph:+91 8100008318)
421-Orissa People's Church ,Balasore,Orissa,INDIA .....(Bimal Jena-Ph:+91 9437532603)
422-Peace on Earth Ministries , ,INDIA .....(Pr. Ebenezer HM-Ph:00971 558 124365)
423-Peniel AG Church ,Maniyankuzhi,Kerala,INDIA .....(Rev.P.Muthaian-Ph:04651281610)
424-Peniel Faith Church ,Chinmaya Nagar, Chennai,INDIA .....(Pr. D. Asher Sagayam-Ph:9790992994)
425-Peniel Fellowship Ministry ,Nagaur, Rajasthan,INDIA .....(Evg. Babu Joseph-Ph:09929837535)
426-Peniel Revival Assembly ,Vadasserikara,Kerala,INDIA .....(Pr.George Mathew-Ph:9847863818)
427-Pentecostal Church of God ,Mhow(M.P),INDIA .....(Pr. A.S Abraham-Ph:+91 7324-275169)
428-Pentecostal Church of God ,Khandwa, Madhya Pradesh,INDIA .....(Pr. Moses. K. Joshua-Ph:+919575762895)
429-Petra Full Gospel Charismatic Church ,Cochin, Kerala,INDIA .....(Pr.Roy Norhona-Ph:+919447560518)
430-Philadelphia Fellowship Church ,Villivakkam,INDIA .....(Pr.Amos Charles-Ph:26177117)
431-Philadelphia House of God ,Coimbatore,INDIA .....(Pr. R Samuel Raj-Ph:9345765265)
432-Pilgrims Assembly ,Odissa,INDIA .....(Pr.C.C Raju-Ph:09437937166)
433-PMG Church ,Saket, New Delhi,INDIA .....(Pr. Thomas Abraham-Ph:9811857929)
434-Pneuma Revival Fellowship ,New Delhi,INDIA .....(Pr. Samkutty KK-Ph:9910188478)
435-Pondicherry believers church ,Pondicherry ,INDIA .....(Pr.C. Stephen-Ph:09791792656)
436-Prarthana Sadan Pentecostal Church ,Jabalpur, MP,INDIA .....(Rev.S.Abhishek Manas Samuel-Ph:09329738707)
437-Prasdahavarsham Prayer House ,Manarcadu, Kottayam,INDIA .....(Evg.Shijo M Kuruvilla-Ph:09847547401)
438-Prayer Home Ministries ,Varkala,Trivandrum,INDIA .....(Bro. Biju Thomas-Ph:09744717993)
439-Pune Full Gospel Church ,Aundh, Pune ,INDIA .....(Pr. Ezra Thomas-Ph:9890418136)
440-Pune Full Gospel Church ,Pune, MH,INDIA .....(Rev. Ezra S. Thomas-Ph:8087458795)
441-Red Revival Ministries ,Bangalore,INDIA .....(Evg. Danston John-Ph:09986357737)
442-Rehoboth Faith Fellowship ,Bangalore,INDIA .....(Stephen Twinkel.K.S-Ph:09535533064)
443-Rehoboth Prayer House ,Poonamallee,Chennai,INDIA .....(Pr.K Aravinth Timothy-Ph:09789870806)
444-Revival A.G.Church ,Mumbai,INDIA .....(Pr.Jomon Mathew-Ph:09892 104 164)
445-Revival Blessing Church ,Chennai, Tamil Nadu,INDIA .....(Pr. P.S Stephen-Ph:9444117069)
446-Revival Centre AG Church ,Fathe Ngr, Hyderabad,INDIA .....(Pr.Mathew George-Ph:91-40-23778206)
447-Revival Church ,Port Blair, A&N Islands,INDIA .....(Rev Jacob Chacko-Ph:00919933204350)
448-Revival Tabernacle church ,Balaghat,INDIA .....(Rev. Dr.Arvind Deep-Ph:9752061879)
449-Revival Tabernacle Fellowship ,M.P,INDIA .....(Dr. Bishop Arvind Deep-Ph:9752061879)
450-Rhema AG Chruch ,Bangalore,INDIA .....(Pr. Shekhar-Ph:0091 - 9449350651)
451-Rhema Assembly of God Church ,Madambakkam,INDIA .....(Rev. B. V. MOSES-Ph:09841207351)
452-Rhema Christian Church ,Agra,INDIA .....(Pr. Emmanuel Lodge-Ph:0091 9897316259)
453-Rose of Sharon A.G Church ,Chennai,INDIA .....(Pr.Charles Aaron-Ph:044-24725599)
454-Salem AG Worship Centre ,Panavely A.G Nagar, Kottarakara,INDIA .....(Pr.SajimonBaby-Ph:+91 94474 53998)
455-Salvation Light Ministries ,Jagadalpur,INDIA .....(Pr. Sushil K Sanga-Ph:09993327109)
456-Salvation light society ,Arapur,tokapal-p.o,jagdalpur,CG,INDIA .....(Pr.Sushil kumar sangam-Ph:+919993327109)
457-Salvation Prayer House ,Bangalore, Karnataka,INDIA .....(Pr. S.K James-Ph:080- 25715173)
458-Sanctify Apostolic Church ,Kharagpur, WB,INDIA .....(Pr.Arvind Ephraim-Ph:0919932936883)
459-Scripture Union Haryana ,Karnal, Haryana,INDIA .....(Rajesh Masih Konai-Ph:00-91-9996373130)
460-Shalem A.G Church ,Bangalore,INDIA .....(Pr. C.G Baboos-Ph:08022236263)
461-Shalem Gospel Church ,Indore ,INDIA .....(Pr. Rajan George-Ph:+91 731 2496398)
462-Shalom assembly of God church ,rudrapur,uttrakhand,INDIA .....(Rev. P.C John-Ph:09411344657)
463-Shalom IPC Church ,Bangalore ,INDIA .....(Pr.Shaji Mamkoottam-Ph:9886878037)
464-Shalom Power Ministries ,Karavaloor, kerala,INDIA .....(Pr. Saji Kurian-Ph:9961481413)
465-Shalom Revival Ministries ,Pondicherry,INDIA .....(Pr. Hudson James-Ph:9791792656)
466-Shalom Worship Centre ,Uttamnagar,N.Delhi,INDIA .....(Pr.Shibu Mathew-Ph:+91-9868586917)
467-Sharon Fellowship Church ,Aranmula, Kerala,INDIA .....(Pr. Varghese Abraham-Ph:0468 2319586)
468-Sharon Fellowship Church ,Chethomkara,Kerala ,INDIA .....(Pr.Abraham-Ph:04735226424)
469-Sharon Fellowship Church ,Karuvatta, Kerala  ,INDIA .....(Pr. K.M Kuriakose-Ph:09447977054)
470-Sharon Fellowship Church ,Malad (W),Mumbai ,INDIA .....(Pr. Varghese P Koshy-Ph:09869359867)
471-Sharon Fellowship Church ,Odanavattom,Kerala,INDIA .....(Pr.Alexander Philip-Ph:0474 2464235)
472-Sharon Fellowship Church ,Kottarakara, Kerala,INDIA .....(Pr.Johnson Thomas-Ph:9446902909)
473-Sharon Fellowship Church ,Muttom, Kerala,INDIA .....(Pr.Mathew-Ph:04792409299)
474-Sharon Fellowship Church ,Madiwala,Bangalore,INDIA .....(Pr.Shaji Mamkoottam-Ph:09886878037)
475-Sharon Fellowship Church ,Sakinaka,Mumbai,INDIA .....(Pr. C. T. Jacob-Ph:9870304760)
476-Sharon Fellowship Church ,Muzhuveli,Kerala,INDIA .....(Pr.Koshy Oommen-Ph:0468-2287197)
477-Sharon Fellowship Church ,Mallappally,Kerala,INDIA .....(Pr.V.T Joseph-Ph:0469 2784041)
478-Sharon Fellowship Church ,Melpadom,Kerala,INDIA .....(Pr.K. Johnykutty-Ph:09446840672)
479-Sharon Fellowship Church ,Vallakayam,Kerala,INDIA .....(Pr.P.T.Mathai-Ph:09895282450)
480-Sharon Fellowship Church ,Kollam, Kerala,INDIA .....(Pr.Ninan-Ph:00914734230828)
481-Sharon Fellowship Church ,Podiyadi, Kerala,INDIA .....(Pr.Johnson K.Samuel-Ph:09447802736)
482-Sharon Fellowship Church ,Tiruchirapally,TN,INDIA .....(Pr.Binumon Abraham-Ph:09486138215)
483-Sharon Fellowship Church ,Ernakulam, Kerala,INDIA .....(Pr. Shaji Sebastian-Ph:9633947138)
484-Sharon Fellowship Church ,Perumbavoor, kerala,INDIA .....(Pr. Shaji Sebastian-Ph:9946531714)
485-Sharon fellowship church ,Vilayanthore,INDIA .....(Pr.Jose.k-Ph:9446180719)
486-Sharon Fellowship Church ,Navi Mumbai, Maharashtra,INDIA .....(Pr.Sanil Das-Ph:9892604140)
487-Sharon Fellowship Church ,Bangalore,INDIA .....(Pr.Sunny Kuruvilla-Ph:900877785)
488-Sharon pentecostal church , Maharashtra,INDIA .....(Pr. CT Jacob-Ph:9820571147)
489-Shiloh Prayer Hall ,Khammam, AP,INDIA .....(Pr. Anil Dev. K-Ph:00 91 8742 9849270260)
490-Shophetim ministries( intl ) ,Srivilliputtur, TN,INDIA .....(Rev.Gnana Rathinam-Ph:9677797011)
491-Siloam Full Gospel Church ,Banglore,INDIA .....(Pr.K.V Johnson-Ph:080-25455557)
492-Siloam Prayer Fellowship ,Banglore,INDIA .....(Pr.John Samuel-Ph:080-23287574)
493-Siloam Worship Centre ,Nalgonda, AP,INDIA .....(Pr. Martin Tagaram-Ph:09908606807)
494-SISWA Prayer Center ,Port Blair, Andaman ,INDIA .....(J.M. Raja Lawrence-Ph:+91 9933250072)
495-Soul Winners India Church of God ,Naraina Gaon,Delhi ,INDIA .....(Evg.C.P.Y.Das-Ph:91-0-9910688012)
496-SoulwinnersIndia Church of God ,Naraina Gaon/Delhi ,INDIA .....(Ev.C.P.Y.Das-Ph:91-0-9910688012)
497-Spiritual prayer ministries ,Bangluru, Karnataka,INDIA .....(Pr. K.R Jaychandran-Ph:+919008785939)
498-Suvartha Church ,Mallappally, Kerala,INDIA .....(Pr.T.V Pothen-Ph:+919447525138)
499-Suvartha Full Gospel Church ,Bellary,INDIA .....(Pr. Lalu G.-Ph:09731520210)
500-Suvartha Full Gospel Church ,Belgum,INDIA .....(Pr.Reji George-Ph:09611274715)
501-Suvartha Full Gospel Church ,Cochin, Kerala,INDIA .....(Pr.Charley Mathew-Ph:+919446060600)
502-Suvartha Full Gospel Church ,Chittar, Kerala,INDIA .....(Pr.Aju Thomas-Ph:09495605409)
503-Suvartha Full Gospel Church ,Dindigal & Sempatty,INDIA .....(Pr.John Ganesan-Ph:09994914360)
504-Suvartha Full Gospel Church ,Jammu,INDIA .....(Pr.Raju Varghese-Ph:09419566609)
505-Suvartha Full Gospel Church ,Kadampanadu, Kerala,INDIA .....(Pr.O.M. Kunjumon-Ph:09446685486)
506-Suvartha Full Gospel Church ,Kaviyoor, Kerala,INDIA .....(Pr. K Benny-Ph:09747177502)
507-Suvartha Full Gospel Church ,Konni, Kerala,INDIA .....(Pr.Abraham V.J-Ph:09447406734)
508-Suvartha Full Gospel Church ,Kulathoopuzha,INDIA .....(Pr.Paul K.R.-Ph:09747168155)
509-Suvartha Full Gospel Church ,Maramon,INDIA .....(Pr.V.S. Varghese-Ph:0949555076)
510-Suvartha Full Gospel Church ,Mavelikkara,INDIA .....(Pr.Ranjan Ommen-Ph:09446190879)
511-Suvartha Full Gospel Church ,Marthandom,INDIA .....(Pr.Issac-Ph:09488938560)
512-Suvartha Full Gospel Church ,Nilambur,INDIA .....(Pr.Thomas V.M-Ph:09946706037)
513-Suvartha Full Gospel Church ,New Delhi,INDIA .....(Pr.Saji K-Ph:09891143457)
514-Suvartha Full Gospel Church ,Thiruvananthapuram,INDIA .....(Pr.Riju-Ph:09847011061)
515-Suvartha Full Gospel Church ,Adoor,Kerala,INDIA .....(Pr.Oommen Joseph-Ph:9447123106)
516-Suvartha Full Gospel Church ,Pudupally,Kerala,INDIA .....(Pr.Shaji Kurian-Ph:9446201784)
517-Suvartha Full Gospel Church ,Punalur,Kerala,INDIA .....(Pr. Biju T-Ph:09447564317)
518-Suvartha Full Gospel Church ,Punjab,INDIA .....(Pr.Raju John-Ph:09872634645)
519-Suvartha Full Gospel Church ,Changanassery,INDIA .....(Pr.James P.A-Ph:9447399849)
520-Suvartha Full Gospel Church ,Vadakkanchery,INDIA .....(Pr.Thomas Kutty-Ph:9495502155)
521-Suvisesha Muzhakkam ,Sivakasi, TN,INDIA .....(Paulraj Kirubakaran-Ph:09345745708)
522-Tabernacle of Grace Church ,Ludhiana, Punjab,INDIA .....(Paultamilarasan-Ph:09815121430)
523-Tabernacle of grace church ,Ludhiana,Punjab,INDIA .....(Pr. Paul Tamilarasan-Ph:09815121430)
524-The Bethesda Ministries ,Aluru,Ponnur,AP,INDIA .....(Pr.John Kancharla-Ph:91-08643-247332)
525-The Church Of God ,Raipur, Chhattisgarh,INDIA .....(Rev.Dr.Thomas Mamman-Ph:09826189390)
526-The Church of Pentecost India ,Nilgiri,TN,INDIA .....(Aps. S James Raj-Ph:09443670125)
527-The Church of the Living God ,Gurgaon,INDIA .....(Pr.Shaji Ram Stephen-Ph:+91-9810932160)
528-The Church of the living God ,Chennai ,tamilnadu,INDIA .....(Pr.Paul kirubakaran-Ph:9500077125)
529-The Day of the Lord ,Nagercoil, Tamilnadu,INDIA .....(Pr.Selvin Austin-Ph:9188333611)
530-The Holy Apostolic Church ,Kanchipuram,TN,INDIA .....(Pr.J.Prabakaran Rajamanickam-Ph:044-27268378)
531-The Holy Hebron Church ,Mumbai, Maharashtra,INDIA .....(Pr. P.K Thiagaraj-Ph:9322280931)
532-The Indore Pentecostal Church of God ,Indore ,MP,INDIA .....(Rev. AJ Samuel-Ph:0731-2594030)
533-The New creation ,Pune,INDIA .....(Pr. Sushil Sathe-Ph:09326523779)
534-The Rock, Full Gospel Church ,Chennai,INDIA .....(Pr.R.Abraham Lazer-Ph:0091-9840608677)
535-Tiruvalla City Church ,Tiruvalla,  Kerala,INDIA .....(Pr.Shibu K Mathew-Ph:91 94470 96398)
536-True light for asia church ,Kollam, Kerala,INDIA .....(Pr. Samuel Kunjmone-Ph:04742492093)
537-V E i Mission church ,West Bengal,INDIA .....(Rev. Sukumar Chakraborty-Ph:9735873799)
538-Victory Prayer Home ,Karnal,INDIA .....(Pr: Synoose Abraham-Ph:09416482861)
539-Way of Salvation Church ,Vishakapatanam, A.P,INDIA .....(Pr. G EZRA-Ph:9700998822)
540-Zion Assembly of God ,Tirunelveli, TN,INDIA .....(Pr. Selvin-Ph:5716244090)
541-Zion Church ,Sivakasi, Tamilnadu,INDIA .....(Pr. G. Amrithraj-Ph:9488538447)
542-Zion Prayer House ,Guntur, AP,INDIA .....(Pr.Jonadab Stephen-Ph:9440095039)
543-Berea Bethel Church ,Post Box: 131, Pokhara,NEPAL .....(Rev. Surya Mani Bhandari-Ph:9856021163)
544-Grace Home Fellowship ,Kathmandu,NEPAL .....(Pr. Rajendra Timothy-Ph:+977-9841779673)
545-Zion church , ,NEPAL .....(Pr Suman Darlami-Ph:9779804410983)
546-Zion Church ,Nawal parasi, Nepal,NEPAL .....(Pr.Suman Darlami-Ph:9779804410983)
547-Zion Church Nepal ,Nepal,NEPAL .....(Suman Darlami-Ph:+9779804410983)
548-Calvary Gospel Ministries ,,PAKISTHAN .....(Mubarik Khuram Victor-Ph:+92-306-4636712)
549-Christ King Gospel Ministries ,Lahore Punjab ,PAKISTHAN .....(Pr. John Feroze Masih-Ph:0092-300-4367079)
550-Full Gospel Assemblies Church ,Karachi,PAKISTHAN .....(Pr.Wilson Sharif-Ph:092-21-7685394)
551-Holy Gospel Ministries ,Gojra, Punjab,PAKISTHAN .....(Pr. Waqas Raza-Ph:+92 336 6545 216)
552-The Flames of Fire Chuch ,Lahore,PAKISTHAN .....(Pr.Nadeem Sadiq-Ph:00923344343227)
553-The Gospel Of Faith Ministries ,Lahore,PAKISTHAN .....(Pr.Maqsood Barkat-Ph:+923233334574)
554-United pentecostal church ,Lahore,PAKISTHAN .....(Pr.Asif Rafiq-Ph:+92-0305 4300439)
555-VGA Church ,Rawalpindi,PAKISTHAN .....(Pr. Rohail Rehmat-Ph:03005331271)
556-Assemblies of God ,Galle,SRILANKA .....(Rev. Nandasena Hewage-Ph:+94773849774)
557-Assemblies of God ,Srilanka,SRILANKA .....(Pr. Nandasena Hewage-Ph:0773849774)
558-Assembly of God ,Veliveriya,SRILANKA .....(Pr.Chrysantha Tillekeratne-Ph:+94-777-555585)
559-Assembly Of God Church ,,SRILANKA .....(Rev,Patrick Anthony-Ph:113050240)
560-Cannan Evangelical Free Church ,Gemunupura.Ampara,SRILANKA .....(Pr. M.A.Ranjith-Ph:+94 75 922 4060)
561-Cannan Evangelical Free Church ,Gemunupura.Ampara,SRILANKA .....(M.A.Ranjith-Ph:+94 75 922 4060)
562-Christ the King C.S.I ,Panadura,SRILANKA .....(Rev.Srilal Karunaratna-Ph:0094714888618)
563-Church of the messiah ,Trincomalee,SRILANKA .....(T.Ramesh-Ph:0094716109183)
564-Divine Love Church ,Trincomalee,SRILANKA .....(Rev. Dr. Gnanam Ambrose-Ph:0094-26-2224042)
565-Praise Prayer Lanka Church ,Ratmalan,SRILANKA .....(Pr,Anthony Simon-Ph:+94714834462)
566-Village Ministry SriLanka , ,SRILANKA .....(Rev Patrick Anthony-Ph:+94113050240)

